{"Barrel.shaderproto": 1592785959.1675608, "BarrelChroma.shaderproto": 1592785959.188506, "Blink.shaderproto": 1604154399.2622583, "BrokenTV.shaderproto": 1604154399.278245, "CharacterChangeWithFade.shaderproto": 1592785959.2702866, "ColorCorrection.shaderproto": 1592785959.2892365, "Fade.shaderproto": 1592785959.3081844, "FadeRadialBlur.shaderproto": 1604154410.5216599, "FlipGrid.shaderproto": 1592785959.3450859, "GaussianBlur.shaderproto": 1604154410.5416667, "Glitch.shaderproto": 1604154399.395238, "Glow.shaderproto": 1604154410.5656986, "Kaleidoscope.shaderproto": 1592785959.4262395, "LensBlur.shaderproto": 1604154410.5856612, "MaskedMosaic.shaderproto": 1604154399.4452899, "MixAdd.shaderproto": 1592785959.4850821, "Monochrome.shaderproto": 1604154399.4712355, "MonochromeMosaic.shaderproto": 1604154399.4882455, "MotionBlur.shaderproto": 1604154410.61966, "Multiply.shaderproto": 1592785959.5628743, "MultiplyRandomRoll.shaderproto": 1604154399.5272746, "Overglow.shaderproto": 1592785959.60177, "RadialBlur.shaderproto": 1604154410.6476593, "Rain.shaderproto": 1604154410.663661, "RandomRoll.shaderproto": 1604154399.57924, "Roll.shaderproto": 1592785959.6765702, "RotationBlur.shaderproto": 1604154410.6856604, "Screen.shaderproto": 1592785959.7074864, "ScreenBlink.shaderproto": 1604154399.6248968, "ScreenFade.shaderproto": 1592785959.7463827, "ScreenGrayWave.shaderproto": 1604154399.6538796, "ScreenRandomRoll.shaderproto": 1604154399.6708913, "ScreenWiggle.shaderproto": 1604154399.6898859, "Shake.shaderproto": 1604154399.707765, "Sharpen.shaderproto": 1604154410.7246597, "ShowSecondTexture.shaderproto": 1592785959.836143, "Water.shaderproto": 1604154399.7453597, "Wiggle.shaderproto": 1604154399.764743, "Colorless.shaderproto": 1604178856.3177738, "Ripple.shaderproto": 1619960086.599898, "RippleMove.shaderproto": 1619961141.8844292}